,sna,tot,sbi,sarea,mday,ar,bemp,act
0,YouBike2.0_捷運科技大樓站,28,3,大安區,2023-06-03 09:45:14,復興南路二段235號前,25,1
1,YouBike2.0_復興南路二段273號前,21,1,大安區,2023-06-03 09:33:15,復興南路二段273號西側,20,1
3,YouBike2.0_和平公園東側,11,1,大安區,2023-06-03 09:35:15,和平東路二段118巷33號,10,1
5,YouBike2.0_復興南路二段280號前,11,0,大安區,2023-06-03 09:33:04,復興南路二段280號,11,1
6,YouBike2.0_復興南路二段340巷口,11,0,大安區,2023-06-03 08:30:30,復興南路二段342號,11,1
8,YouBike2.0_新生南路三段66號前,16,3,大安區,2023-06-03 09:28:13,新生南路三段66號東側,13,1
10,YouBike2.0_辛亥路一段30號前,8,1,大安區,2023-06-03 09:38:03,辛亥路一段30號,7,1
11,YouBike2.0_和平復興路口西北側,9,0,大安區,2023-06-03 09:23:04,復興南路二段236號,9,1
12,YouBike2.0_羅斯福路三段311號前,11,0,大安區,2023-06-03 09:30:28,羅斯福路三段311號,10,1
13,YouBike2.0_大安運動中心停車場,14,2,大安區,2023-06-03 09:30:40,敦南街76巷28號,11,1
14,YouBike2.0_羅斯福路三段245號前,8,0,大安區,2023-06-03 09:33:04,羅斯福路三段245號,8,1
15,YouBike2.0_溫州公園,5,2,大安區,2023-06-03 09:44:13,羅斯福路三段283巷11號,3,1
16,YouBike2.0_和平臥龍街口,15,1,大安區,2023-06-03 09:44:13,臥龍街1號,14,1
17,YouBike2.0_溫州停車場,5,2,大安區,2023-06-03 09:36:14,新生南路三段54巷/溫州街口,3,1
18,YouBike2.0_銘傳國小側門,7,3,大安區,2023-06-03 09:43:14,羅斯福路四段21號旁天橋下,4,1
19,YouBike2.0_捷運公館站(2號出口),99,0,大安區,2023-06-03 09:45:14,捷運公館站(2號出口)外側,99,1
23,YouBike2.0_公館公園,15,1,大安區,2023-06-03 09:36:03,羅斯福路四段113巷基隆路四段41巷口,14,1
24,YouBike2.0_臺灣科技大學後門,39,0,大安區,2023-06-03 09:43:04,基隆路四段41巷68弄臺科帆船大樓旁,39,1
25,YouBike2.0_臺大醫學院附設癌醫中心,20,4,大安區,2023-06-03 09:40:21,基隆路三段155巷57號西側,15,1
26,YouBike2.0_臺大環研大樓,15,0,大安區,2023-06-03 08:57:04,芳蘭路/基隆路三段155巷口,15,1
28,YouBike2.0_臺大男七舍前,20,0,大安區,2023-06-03 09:40:10,長興街/長興街80巷口西側,20,1
29,YouBike2.0_臺大男一舍前,61,1,大安區,2023-06-03 09:44:13,長興街50號西北側,59,1
30,YouBike2.0_臺大男六舍前,46,0,大安區,2023-06-03 09:42:04,大安區長興街31號,46,1
31,YouBike2.0_臺大動物醫院前,18,3,大安區,2023-06-03 09:41:13,基隆路三段155巷/基隆路四段口,15,1
33,YouBike2.0_臺大萬才館前,20,1,大安區,2023-06-03 08:58:04,臺大萬才館北側,19,1
34,YouBike2.0_臺大國青大樓宿舍前,20,1,大安區,2023-06-03 09:21:21,辛亥路三段30號西北側,19,1
36,YouBike2.0_臺大法人語言訓練中心前,28,1,大安區,2023-06-03 09:35:04,臺大法人語言訓練中心北側,27,1
39,YouBike2.0_基隆長興路口東側,15,3,大安區,2023-06-03 09:41:13,基隆長興路口東側,12,1
41,YouBike2.0_和平實小東北側,13,4,大安區,2023-06-03 09:30:40,敦南街73號,9,1
52,YouBike2.0_捷運臺電大樓站(2號出口),15,0,大安區,2023-06-03 09:45:14,辛亥路一段/羅斯福路三段口北側(辛亥路側),15,1
53,YouBike2.0_和平金山路口,45,3,大安區,2023-06-03 09:38:13,和平東路一段/金山南路二段西南側,42,1
55,YouBike2.0_和平泰順街口,9,1,大安區,2023-06-03 09:39:13,和平東路一段/泰順街口東南側,8,1
58,YouBike2.0_捷運古亭站(5號出口),14,1,大安區,2023-06-03 09:45:14,和平東路一段19號前,13,1
60,YouBike2.0_新生和平路口東北側,38,2,大安區,2023-06-03 09:45:14,新生南路二段與和平東路二段口東北側,36,1
62,YouBike2.0_金華公園,35,3,大安區,2023-06-03 09:39:13,金華街249號對面,31,1
67,YouBike2.0_敦化南路二段293巷口南側,14,2,大安區,2023-06-03 09:45:14,敦化南路二段293巷口南側,12,1
69,YouBike2.0_安和路二段181巷口,17,0,大安區,2023-06-03 09:33:04,安和路二段185號,17,1
70,YouBike2.0_臨江街夜市(通化街101巷口),30,0,大安區,2023-06-03 09:42:04,通化街111號,30,1
71,YouBike2.0_臨江街夜市(基隆路),17,3,大安區,2023-06-03 09:45:14,基隆路二段108號,14,1
72,YouBike2.0_台北科技大學億光大樓,46,3,大安區,2023-06-03 09:21:21,忠孝東路三段81號,43,1
73,YouBike2.0_新生南路一段119巷口,33,4,大安區,2023-06-03 09:44:13,新生南路一段113號,28,1
74,YouBike2.0_幸安國小(仁愛路),16,4,大安區,2023-06-03 09:44:13,仁愛路三段22號,11,1
75,YouBike2.0_民榮公園,15,0,大安區,2023-04-20 07:22:04,建國南路一段304巷45號南側,15,0
76,YouBike2.0_復興南路1段340巷口,38,3,大安區,2023-06-03 09:42:14,復興南路一段信義路三段147巷45弄口,35,1
78,YouBike2.0_捷運忠孝復興站(2號出口),43,2,大安區,2023-06-03 09:43:14,復興南路一段/仁愛路三段123巷13弄(西北側),41,1
81,YouBike2.0_信義大安路口(信維大樓),12,3,大安區,2023-06-03 09:44:13,信義路四段74號(前),9,1
85,YouBike2.0_仁愛國中,25,1,大安區,2023-06-03 09:11:03,安和路一段75號(對面),24,1
86,YouBike2.0_捷運信義安和站(2號出口),26,2,大安區,2023-06-03 09:44:13,信義路四段188號前,24,1
87,YouBike2.0_八德市場,30,1,大安區,2023-06-03 09:43:14,市民大道三段170號,28,1
88,YouBike2.0_昌隆公園,16,4,大安區,2023-06-03 09:39:13,市民大道三段206號西側,12,1
90,YouBike2.0_信義延吉街口,15,4,大安區,2023-06-03 09:45:14,信義路四段353號,11,1
91,YouBike2.0_光信公園(光復南路456巷),15,1,大安區,2023-06-03 09:42:14,延吉街249號,14,1
92,YouBike2.0_僑安地下停車場(2號出口)東南側,20,3,大安區,2023-06-03 09:39:04,光復南路290巷5號,17,1
93,YouBike2.0_建國南路一段279巷口,32,3,大安區,2023-06-03 09:39:13,建國南路一段275號,28,1
94,YouBike2.0_捷運忠孝新生站(6號出口),15,4,大安區,2023-06-03 09:40:21,新生南路一段101號,11,1
95,YouBike2.0_捷運忠孝新生站(4號出口),34,0,大安區,2023-06-03 09:23:04,忠孝新生路口北側,34,1
96,YouBike2.0_大安高工,23,1,大安區,2023-06-03 09:44:03,復興南路二段52號(前),22,1
97,YouBike2.0_捷運忠孝新生站(3號出口),23,1,大安區,2023-06-03 09:40:21,忠孝東路三段與10巷口,22,1
100,YouBike2.0_捷運大安森林公園站(5號出口),15,4,大安區,2023-06-03 09:42:14,捷運大安森林公園站(5號出口)東側,11,1
102,YouBike2.0_東豐公園,19,3,大安區,2023-06-03 09:43:14,東豐街24號(旁公園路側),16,1
103,YouBike2.0_德安公園(四維路66巷),14,4,大安區,2023-06-03 09:44:13,四維路66巷6號北側,10,1
106,YouBike2.0_捷運忠孝敦化站(7號出口),18,0,大安區,2023-06-03 09:44:13,忠孝東路四段143號,18,1
108,YouBike2.0_樂利路21巷口,17,0,大安區,2023-06-03 09:35:04,樂利路25號,17,1
114,YouBike2.0_仁愛延吉街口,25,3,大安區,2023-06-03 09:45:15,仁愛路四段376號前,22,1
120,YouBike2.0_復興南路一段126巷口,15,1,大安區,2023-06-03 09:38:13,復興南路一段126巷1號前,13,1
122,YouBike2.0_仁愛路四段48巷口,11,4,大安區,2023-06-03 09:41:14,仁愛路四段48巷/東豐街(北側),7,1
123,YouBike2.0_捷運公館站(3號出口),90,0,大安區,2023-06-03 09:40:11,捷運公館站(3號出口)西側,90,1
124,YouBike2.0_臺北科技大學(電機工程系),16,0,大安區,2023-06-03 09:38:03,忠孝東路三段100號對側,16,1
127,YouBike2.0_辛亥新生路口西北側,12,1,大安區,2023-06-03 09:38:13,辛亥路一段/新生南路三段(西北側),11,1
128,YouBike2.0_捷運大安站(6號出口),19,2,大安區,2023-06-03 09:33:15,復興南路一段303號前,17,1
130,YouBike2.0_辛亥路三段157巷口,19,1,大安區,2023-06-03 09:26:14,辛亥路三段與辛亥路三段157巷口西北側,18,1
132,YouBike2.0_敦親公園,20,0,大安區,2023-06-03 09:45:15,和平東路二段96巷8之1號(前方),20,1
133,YouBike2.0_大安運動中心,27,0,大安區,2023-06-03 08:35:04,辛亥路三段55號前方人行道(大安運動中心),27,1
134,YouBike2.0_和平敦化路口,25,1,大安區,2023-06-03 09:44:13,和平東路三段 / 敦化南路二段口(東側),24,1
136,YouBike2.0_仁愛路四段122巷口,16,2,大安區,2023-06-03 09:41:14,仁愛路四段118號前,14,1
137,YouBike2.0_市民敦化路口,15,0,大安區,2023-06-03 09:44:03,敦化南路一段111號前,15,1
138,YouBike2.0_忠孝東路四段49巷口,15,1,大安區,2023-06-03 09:39:13,忠孝東路四段55號前,13,1
139,YouBike2.0_市民復興路口(東南側),16,0,大安區,2023-06-03 09:44:13,市民大道四段/復興路一段口(東南側),16,1
140,YouBike2.0_和平新生路口西南側,13,2,大安區,2023-06-03 09:36:03,新生南路三段2號前,11,1
141,YouBike2.0_全安公園,16,2,大安區,2023-06-03 09:36:14,安和路二段227巷16號對側,14,1
142,YouBike2.0_信義路三段134巷口,19,2,大安區,2023-06-03 09:45:15,信義路三段/信義路三段134巷口,17,1
143,YouBike2.0_仁愛敦南圓環(東南側),16,0,大安區,2023-06-03 09:44:03,仁愛路四段110號前,15,1
145,YouBike2.0_外交部外交及國際事務學院,17,2,大安區,2023-06-03 09:40:21,敦化南路一段280號,15,1
146,YouBike2.0_四維路170巷口,22,1,大安區,2023-06-03 09:31:14,敦化南路二段92號對側中央分隔島,20,1
149,YouBike2.0_信義路四段199巷,15,1,大安區,2023-06-03 09:45:04,信義路四段199巷/安和路一段90巷口,14,1
150,YouBike2.0_臺大資訊大樓,40,2,大安區,2023-06-03 09:43:14,辛亥路二段(臺大外語學院外),38,1
152,YouBike2.0_原臺北刑務所官舍,23,3,大安區,2023-06-03 09:45:15,金華街78號對側,20,1
153,YouBike2.0_捷運國父紀念館站(1號出口),25,3,大安區,2023-06-03 09:44:13,光復南路200巷26號東側,22,1
154,YouBike2.0_懷生國中,15,2,大安區,2023-06-03 09:38:13,忠孝東路三段248巷30號,13,1
157,YouBike2.0_和平東路二段18巷口,24,2,大安區,2023-06-03 09:42:14,辛亥路二段43號前,21,1
158,YouBike2.0_捷運大安站(5號出口),19,4,大安區,2023-06-03 09:45:15,復興南路二段/信義路四段(東南側),13,1
159,YouBike2.0_臨江公園,13,0,大安區,2023-06-03 08:27:04,通化街143巷33號對側,13,1
161,YouBike2.0_忠孝東路四段248巷口,15,1,大安區,2023-06-03 09:41:04,忠孝東路四段230號前,14,1
162,YouBike2.0_仁愛延吉路口(西北側),18,3,大安區,2023-06-03 09:43:14,仁愛路四段363號前,15,1
163,YouBike2.0_樂利路101巷口,13,1,大安區,2023-06-03 09:14:14,樂利路97號前,12,1
165,YouBike2.0_敦化南路一段295巷口,18,3,大安區,2023-06-03 09:33:15,敦化南路一段295巷1號,14,1
167,YouBike2.0_臺北市立圖書館大同分館,20,1,大同區,2023-06-03 09:39:13,重慶北路三段318號旁,19,1
170,YouBike2.0_重慶酒泉街口,30,0,大同區,2023-06-03 09:12:04,重慶北路三段260號前,30,1
173,YouBike2.0_臺北孔廟,27,2,大同區,2023-06-03 09:45:15,哈密街61號口對側人行道,25,1
175,YouBike2.0_酒泉延平路口,26,3,大同區,2023-06-03 09:44:13,酒泉街235號前,23,1
176,YouBike2.0_重慶國中,37,2,大同區,2023-06-03 09:43:14,敦煌路19號前,35,1
177,YouBike2.0_重慶北路三段383巷口,25,3,大同區,2023-06-03 09:44:13,敦煌路與重慶北路三段383巷口,22,1
179,YouBike2.0_民權延平路口(西北側),20,0,大同區,2023-06-03 09:36:03,民權西路239號前方,20,1
181,YouBike2.0_大稻埕公園,25,3,大同區,2023-06-03 09:41:14,安西街1巷7號(對側),22,1
183,YouBike2.0_大龍峒社會住宅,20,4,大同區,2023-06-03 09:39:13,承德路三段210號旁,16,1
184,YouBike2.0_捷運大橋頭站(2號出口),57,1,大同區,2023-06-03 09:44:13,捷運大橋頭站(2號出口)西側,56,1
185,YouBike2.0_捷運大橋頭站(1A出口),18,1,大同區,2023-06-03 09:30:28,民權西路237號旁,17,1
186,YouBike2.0_捷運民權西路站(2號出口),25,0,大同區,2023-06-03 09:45:04,捷運民權西路站(2號出口)西側,25,1
188,YouBike2.0_捷運北門站(3號出口),62,2,大同區,2023-06-03 09:40:21,塔城街與鄭州路口西南側,60,1
189,YouBike2.0_朝陽公園,10,0,大同區,2023-06-03 09:28:04,重慶北路二段62-1號旁,10,1
191,YouBike2.0_大龍公園,18,4,大同區,2023-06-03 09:33:15,大龍街217號對側,14,1
192,YouBike2.0_重慶涼州街口,13,1,大同區,2023-06-03 08:39:14,重慶北路二段180號旁,11,1
195,YouBike2.0_重慶民族路口,20,0,大同區,2023-06-03 09:41:04,重慶北路三段162號前,19,1
196,YouBike2.0_承德路三段8巷口,16,3,大同區,2023-06-03 09:19:14,承德路三段14號前,13,1
199,YouBike2.0_聯合醫院中興院區,27,1,大同區,2023-06-03 09:40:11,長安西路299號(對面),26,1
203,YouBike2.0_重慶保安街口(家樂福重慶店),20,0,大同區,2023-06-03 09:44:03,重慶北路二段171號(旁),20,1
205,YouBike2.0_歸綏戲曲公園,20,4,大同區,2023-06-03 09:44:13,重慶北路二段/歸綏街口(南側),16,1
206,YouBike2.0_民權國中(民權西路),17,0,大同區,2023-06-03 09:29:04,民權西路/蘭州街(西側),17,1
207,YouBike2.0_承德民權路口,17,4,大同區,2023-06-03 09:45:15,承德路二段239號前,13,1
208,YouBike2.0_南京太原路口,18,0,大同區,2023-06-03 09:29:04,南京西路/太原路(東側),18,1
209,YouBike2.0_承德民生西路口,11,1,大同區,2023-06-03 09:45:15,承德路二段137號前,10,1
210,YouBike2.0_太原五原路口,24,0,大同區,2023-06-03 09:44:13,太原路 / 五原路口(東南側),24,1
212,YouBike2.0_捷運民權西路站(3號出口),50,3,大同區,2023-06-03 09:36:14,民權西路70巷37號對面,47,1
213,YouBike2.0_捷運中山站(5號出口),11,2,大同區,2023-06-03 09:44:13,南京西路57號前,9,1
214,YouBike2.0_重慶長安路口,15,0,大同區,2023-06-03 09:40:11,長安西路244號(重慶路側),15,1
216,YouBike2.0_大同16號廣場,14,0,大同區,2023-06-03 03:58:04,環河北路一段/民生西路口(東南側),14,1
220,YouBike2.0_成淵高中,14,0,大同區,2023-06-03 09:32:04,錦西街與錦西街52巷口東北側,14,1
221,YouBike2.0_雙蓮國小,20,2,大同區,2023-06-03 09:37:13,民權西路102巷4弄25號對側人行道,18,1
228,YouBike2.0_雨聲街165巷口,15,2,士林區,2023-06-03 08:08:13,雨聲街/雨聲街165巷(西北側),13,1
232,YouBike2.0_臺北市立大學(天母校區),23,1,士林區,2023-06-03 09:45:04,士東路276號至280號對面人行道,21,1
235,YouBike2.0_天母北天玉街口,15,2,士林區,2023-06-03 09:36:14,天母北路33號(前),13,1
239,YouBike2.0_忠誠路一段173巷口,11,0,士林區,2023-06-03 09:41:04,忠誠路一段177號(前),11,1
241,YouBike2.0_忠誠公園,14,4,士林區,2023-06-03 09:26:14,忠誠路一段18號(對面),10,1
243,YouBike2.0_至誠路一段305巷口,21,2,士林區,2023-06-03 09:44:13,至誠路一段303號(對面),19,1
249,YouBike2.0_捷運芝山站(2號出口),21,3,士林區,2023-06-03 09:45:15,福華路151號(對面),18,1
258,YouBike2.0_兒童新樂園,23,0,士林區,2023-06-03 09:08:04,承德路五段55號(旁公車亭),23,1
260,YouBike2.0_華聲公園,27,0,士林區,2023-02-03 10:09:04,華聲街17號(南側路側),27,0
263,YouBike2.0_銘傳大學,30,0,士林區,2023-05-31 09:39:15,中山北路五段250號(銘傳大學對側),29,0
264,YouBike2.0_士林高商,26,3,士林區,2023-06-03 09:41:14,士商路150號(校門旁),23,1
267,YouBike2.0_捷運芝山站(1號出口),36,1,士林區,2023-06-03 09:44:13,福華路114號(對面),35,1
268,YouBike2.0_至誠公園,15,3,士林區,2023-06-03 09:40:21,至誠路一段80號(對面),12,1
269,YouBike2.0_原住民文化主題公園,21,3,士林區,2023-06-03 09:32:13,至善路二段280號(對面),18,1
271,YouBike2.0_梅林新村,15,4,士林區,2023-06-03 08:31:14,至善路一段/至善路一段138巷(北側),11,1
276,YouBike2.0_士林3號廣場,30,2,士林區,2023-06-03 09:45:15,中山北路六段81號(旁),28,1
281,YouBike2.0_社子公園,14,4,士林區,2023-06-03 09:41:14,永平街20巷37弄/永平街20巷11弄(社子公園南側),10,1
286,YouBike2.0_社子島島頭公園,15,0,士林區,2023-06-03 07:49:04,延平北路九段323號(後方堤外),15,1
290,YouBike2.0_福安國中,11,4,士林區,2023-06-03 07:53:14,延平北路七段250號(前),6,1
295,YouBike2.0_蘭雅國小,27,2,士林區,2023-06-03 09:45:15,礦溪街與中山北路六段195巷口,25,1
300,YouBike2.0_東山路110巷口,16,0,士林區,2023-06-03 08:34:04,東山路114號對側,16,1
305,YouBike2.0_至誠雨聲街口,9,4,士林區,2023-06-03 09:39:13,至誠路二段與雨聲街口東北側,5,1
306,YouBike2.0_捷運線型公園(後街),13,0,士林區,2023-06-03 09:21:04,後街15號旁,13,1
307,YouBike2.0_天母公園,12,1,士林區,2023-06-03 09:16:14,中山北路七段141巷30號對側,11,1
308,YouBike2.0_基河文林路口,16,3,士林區,2023-06-03 09:21:21,基河路3-1號對側人行道,13,1
311,YouBike2.0_社子國小_1,20,3,士林區,2023-06-03 09:34:14,延平北路六段/社中街(社子國小對面跨提便道橋下),17,1
314,YouBike2.0_重慶北通河西街口,12,2,士林區,2023-06-03 07:56:16,重慶北路四段276號(前),10,1
315,YouBike2.0_葫蘆國小(延平北路五段285巷),15,3,士林區,2023-06-03 09:06:14,環河北路三段/延平北路五段285巷,12,1
319,YouBike2.0_文林路101巷口,7,0,士林區,2023-06-03 09:42:04,文林路100號前,7,1
321,YouBike2.0_延平北路五段257巷4弄口,15,4,士林區,2023-06-03 09:04:14,延平北路五段257巷17號前,11,1
323,YouBike2.0_中山福國路口,14,0,士林區,2023-05-29 11:56:14,中山北路五段837號前,14,0
324,YouBike2.0_德行公園,14,2,士林區,2023-06-03 09:45:15,德行西路33號對側,12,1
328,YouBike2.0_捷運芝山站(2號出口)_1,62,1,士林區,2023-06-03 09:45:15,福華路/福華路162巷(東南側),61,1
330,YouBike2.0_海光公園南側,12,2,士林區,2023-06-03 08:48:04,葫蘆街79號對側公園,10,1
332,YouBike2.0_劍潭郵局,16,3,士林區,2023-06-03 09:40:21,基河路/承德路四段77巷口(捷運橋下),13,1
334,YouBike2.0_美崙公園,13,4,士林區,2023-06-03 09:43:14,美崙街118號斜對面人行道,8,1
335,YouBike2.0_臺北市立大學(忠誠路二段207巷),17,2,士林區,2023-06-03 09:38:13,忠誠路二段207巷/士東路299巷口,15,1
339,YouBike2.0_捷運萬隆站(4號出口),21,3,文山區,2023-06-03 09:21:21,羅斯福路5段210號(前),18,1
351,YouBike2.0_景美醫院,18,1,文山區,2023-06-03 09:45:04,羅斯福路六段280號(前),17,1
353,YouBike2.0_景華街128巷口,20,1,文山區,2023-06-03 09:42:14,景華街124號(旁汽車格),19,1
356,YouBike2.0_捷運動物園站,18,3,文山區,2023-06-03 09:02:14,新光路二段30號(對面),15,1
357,YouBike2.0_捷運木柵站,31,3,文山區,2023-06-03 09:45:15,木柵路四段82巷18號前(捷運橋樑下),28,1
358,YouBike2.0_捷運萬芳社區站,31,0,文山區,2023-06-03 09:14:04,萬芳路60號(西側廣場),31,1
360,YouBike2.0_捷運辛亥站,29,3,文山區,2023-06-03 09:45:15,辛亥路四段114號(旁人行道),26,1
364,YouBike2.0_和興路26巷口,15,1,文山區,2023-06-03 09:43:14,和興路44巷 / 和興路26巷口,14,1
368,YouBike2.0_永安藝文館-表演36房,15,3,文山區,2023-06-03 09:37:13,木新路二段156號前人行道(永安市場),12,1
375,YouBike2.0_木新路3段95巷口,16,0,文山區,2023-06-03 09:13:04,木新路三段95巷30號(對面),16,1
376,YouBike2.0_樟腳里公園,15,4,文山區,2023-06-03 09:41:14,木新路二段299巷15號(旁),11,1
381,YouBike2.0_秀明路一段185巷口,20,1,文山區,2023-06-03 09:35:04,秀明路一段與秀明路一段185巷口,19,1
382,YouBike2.0_秀明路一段129巷口,22,1,文山區,2023-06-03 09:23:14,秀明路一段129巷與秀明路一段路口,21,1
383,YouBike2.0_恆光橋(老泉街),13,1,文山區,2023-06-03 09:38:13,老泉街/恆光街口,12,1
384,YouBike2.0_萬有3號公園,14,1,文山區,2023-06-03 09:30:40,景隆街105號(對面),13,1
387,YouBike2.0_辛亥生態公園,18,1,文山區,2023-06-03 09:05:04,辛亥路四段199號,17,1
388,YouBike2.0_博嘉運動公園,12,3,文山區,2023-06-03 09:41:14,木柵路四段159巷16號,9,1
394,YouBike2.0_海巡署(南側),10,1,文山區,2023-06-03 09:45:15,興隆路三段211號對側(公車亭後),9,1
396,YouBike2.0_木南公園,12,0,文山區,2023-06-03 09:42:04,木新路二段永安街22巷口,12,1
400,YouBike2.0_政大水岸電梯,10,3,文山區,2023-06-03 09:21:21,政治大學水岸電梯旁,7,1
402,YouBike2.0_辛亥路五段73巷口,13,4,文山區,2023-06-03 08:11:15,辛亥路五段75-1號前人行道,9,1
413,YouBike2.0_木柵路二段109巷,15,2,文山區,2023-06-03 09:40:21,木柵路二段109巷14號旁,13,1
414,YouBike2.0_試院公園,15,3,文山區,2023-06-03 09:37:13,木柵路一段59巷29號對側,12,1
415,YouBike2.0_萬美萬安街口,16,0,文山區,2023-06-03 07:42:03,萬美街一段/萬安街口,16,1
417,YouBike2.0_新光秀明路口,15,3,文山區,2023-06-03 09:30:40,新光路一段145號前,12,1
418,YouBike2.0_臺北自來水事業處,20,1,中正區,2023-06-03 09:34:14,思源街1號東側,19,1
420,YouBike2.0_捷運公館站(1號出口),12,3,中正區,2023-06-03 09:45:15,羅斯福路四段68號,9,1
424,YouBike2.0_捷運臺電大樓站(1號出口),34,0,中正區,2023-06-03 09:44:03,辛亥路一段/羅斯福路三段南側,34,1
425,YouBike2.0_客家文化主題公園,15,4,中正區,2023-06-03 09:32:13,師大路/金門街11巷口對側人行道,10,1
428,YouBike2.0_捷運臺電大樓站(5號出口),14,0,中正區,2023-06-03 09:45:15,羅斯福路三段126號前,14,1
429,YouBike2.0_捷運臺電大樓站(4號出口),13,0,中正區,2023-06-03 09:34:04,師大路/羅斯福路三段西側,13,1
439,YouBike2.0_捷運中正紀念堂站(3號出口),18,1,中正區,2023-06-03 09:43:04,金華街17號前方,17,1
440,YouBike2.0_捷運中正紀念堂站(4號出口),21,4,中正區,2023-06-03 09:30:40,羅斯福路一段5號前方,16,1
444,YouBike2.0_永昌公園,15,3,中正區,2023-06-03 09:39:13,詔安街224號前,12,1
452,YouBike2.0_介壽公園,23,2,中正區,2023-06-03 09:02:14,貴陽街懷寧街口(東北側),20,1
453,YouBike2.0_中華貴陽街口,20,2,中正區,2023-06-03 08:48:14,貴陽街一段243之1號(前),18,1
455,YouBike2.0_捷運善導寺站(1號出口),33,1,中正區,2023-06-03 09:44:13,忠孝東路一段7號,32,1
459,YouBike2.0_信義杭州路口,47,4,中正區,2023-06-03 09:45:15,信義路一段21號前,43,1
460,YouBike2.0_捷運善導寺站(3號出口),20,2,中正區,2023-06-03 09:37:13,林森南路1號南側,18,1
463,YouBike2.0_捷運西門站(2號出口),36,0,中正區,2023-06-03 09:44:13,中華路一段59號旁,36,1
464,YouBike2.0_寶慶博愛路口,27,2,中正區,2023-06-03 09:42:14,博愛路162號,25,1
466,YouBike2.0_臺北市立大學(博愛校區),59,4,中正區,2023-06-03 09:35:15,愛國西路1號(前),55,1
471,YouBike2.0_中華漢口街口,19,0,中正區,2023-06-03 09:44:03,中華路一段與漢口街一段路口,19,1
480,YouBike2.0_捷運忠孝新生站(2號出口),32,3,中正區,2023-06-03 09:41:14,忠孝東路二段132號(東側),29,1
483,YouBike2.0_捷運中正紀念堂站(5號出口),29,3,中正區,2023-06-03 09:33:15,捷運中正紀念堂站(5號出口)西側,26,1
484,YouBike2.0_北平東杭州北路口,20,4,中正區,2023-06-03 09:42:14,北平東路/杭州北路口(東北側),16,1
486,YouBike2.0_金山信義路口,25,2,中正區,2023-06-03 09:30:40,金山南路一段148號前側,23,1
488,YouBike2.0_徐州杭州路口,19,2,中正區,2023-06-03 09:23:14,徐州路/杭州南路一段口(西北側),16,1
491,YouBike2.0_臺北市國父史蹟館(逸仙公園),31,1,中正區,2023-06-03 08:57:04,中山北路一段46號北側,30,1
492,YouBike2.0_捷運西門站(5號出口),30,3,中正區,2023-06-03 09:41:14,捷運西門站(5號出口)南側,27,1
497,YouBike2.0_羅斯福寧波東街口,20,3,中正區,2023-06-03 09:44:13,羅斯福路一段/寧波東街(東南側),17,1
498,YouBike2.0_自來水園區,30,3,中正區,2023-06-03 09:37:13,中正區思源街16號對面人行道,27,1
500,YouBike2.0_捷運西門站(3號出口),36,0,中正區,2023-06-03 09:45:15,中華路一段/寶慶路(東南側),36,1
501,YouBike2.0_仁愛金山路口,9,1,中正區,2023-06-03 09:35:04,仁愛路二段31號前,7,1
502,YouBike2.0_杭州南路一段101巷口,14,0,中正區,2023-06-03 08:48:04,金山南路一段72號前,14,1
503,YouBike2.0_仁愛杭州路口,15,0,中正區,2023-06-03 09:30:28,仁愛路一段59號旁,15,1
507,YouBike2.0_林森北平路口,20,0,中正區,2023-06-03 08:43:04,林森北路與北平東路口西北側,20,1
508,YouBike2.0_北平紹興路口,15,4,中正區,2023-06-03 09:45:15,北平東路30號對側人行道,11,1
510,YouBike2.0_捷運忠孝新生站(1號出口),19,3,中正區,2023-06-03 09:42:14,捷運忠孝新生站(1號出口)後方,16,1
511,YouBike2.0_捷運忠孝新生站(5號出口),13,3,中正區,2023-06-03 09:28:13,新生南路一段56號前方,10,1
512,YouBike2.0_捷運臺大醫院站(1號出口),19,2,中正區,2023-06-03 09:41:14,公園路/常德街口(西側),17,1
515,YouBike2.0_仁愛紹興街口(南側),17,1,中正區,2023-06-03 06:25:15,仁愛路一段/紹興南街口(南側),16,1
518,YouBike2.0_捷運善導寺站(3號出口)(忠孝東路側),17,2,中正區,2023-06-03 09:42:14,忠孝東路一段/林森南路口,15,1
522,YouBike2.0_仁愛金山路口(東南側),14,3,中正區,2023-06-03 09:44:13,仁愛路二段48-4號前,11,1
524,YouBike2.0_重慶南詔安街口,15,0,中正區,2023-06-03 09:42:04,重慶南路三段/詔安街,15,1
525,YouBike2.0_文光公園,17,2,中正區,2023-06-03 09:36:14,仁愛路二段65巷4號對側,15,1
526,YouBike2.0_捷運中正紀念堂站(2號出口),12,2,中正區,2023-06-03 09:41:14,羅斯福路一段10號前,10,1
528,YouBike2.0_螢橋公園,15,1,中正區,2023-06-03 07:28:14,和平西路一段110號旁,13,1
529,YouBike2.0_通北街65巷口,16,4,中山區,2023-06-03 09:44:13,通北街/通北街65巷口(東北側),12,1
531,YouBike2.0_樂群二堤頂大道口,20,1,中山區,2023-06-03 08:56:14,堤頂大道二段382號(旁),19,1
532,YouBike2.0_劍潭社區,13,3,中山區,2023-06-03 08:59:04,通北街146巷2弄2號(對面公園),10,1
534,YouBike2.0_樂群二明水路口,20,2,中山區,2023-06-03 09:44:13,樂群二路/明水路口(東北側),18,1
538,YouBike2.0_樂群二敬業四路口,36,3,中山區,2023-06-03 09:45:15,樂群二路186號,33,1
541,YouBike2.0_南京遼寧街口,34,2,中山區,2023-06-03 09:44:13,南京東路三段189號(對面),32,1
542,YouBike2.0_伊通長安路口,21,0,中山區,2023-06-03 09:27:04,伊通街/長安東路二段(西南側路側),21,1
543,YouBike2.0_新生長安路口,20,1,中山區,2023-06-03 09:40:11,新生北路一段/長安東路二段交叉口(北側),18,1
544,YouBike2.0_市民林森路口,29,1,中山區,2023-06-03 09:11:14,市民大道二段/林森北路(東北側),28,1
546,YouBike2.0_一江公園,22,1,中山區,2023-06-03 09:33:15,一江街/松江路132巷口(西北側),21,1
548,YouBike2.0_新生長春路口,20,0,中山區,2023-06-03 09:35:04,新生北路二段/新生北路二段68巷交叉口(新生橋下),20,1
550,YouBike2.0_民生建國路口,26,2,中山區,2023-06-03 09:38:13,民生東路三段 / 建國北路二段口,24,1
554,YouBike2.0_建國長春路口,16,2,中山區,2023-06-03 09:41:14,建國北路/長春路口(南側),14,1
555,YouBike2.0_南京建國路口,42,2,中山區,2023-06-03 09:30:40,南京東路二段/建國北路二段(北側),40,1
557,YouBike2.0_朱崙商場,31,2,中山區,2023-06-03 09:45:15,龍江路15號前,29,1
558,YouBike2.0_中吉公園,15,2,中山區,2023-06-03 09:43:14,松江路170巷20號對側,13,1
559,YouBike2.0_華山公園,19,0,中山區,2023-06-03 09:10:09,市民大道與長安東路一段52巷口,19,1
560,YouBike2.0_建國北路一段17巷,45,3,中山區,2023-06-03 09:27:13,建國北路一段17巷/八德路二段137巷口,42,1
563,YouBike2.0_捷運中山國小站(2號出口),59,0,中山區,2023-06-03 09:28:04,捷運中山國小站(2號出口)後方,59,1
564,YouBike2.0_捷運行天宮站(3號出口),42,0,中山區,2023-06-03 09:44:03,松江路261號前,42,1
567,YouBike2.0_農安雙城街口,15,1,中山區,2023-06-03 09:44:13,農安街12-1號前方,14,1
569,YouBike2.0_民族林森路口,20,4,中山區,2023-06-03 09:31:14,民族東路17號前,16,1
570,YouBike2.0_臺北市立美術館,24,2,中山區,2023-06-03 09:34:15,花博公園5號出入口旁,22,1
571,YouBike2.0_中山民族路口,16,4,中山區,2023-06-03 09:29:14,中山北路三段54號前,12,1
572,YouBike2.0_新生高架停車場(林森北路107巷口),14,1,中山區,2023-06-03 09:18:13,新生北路一段與林森北路107巷口(新生高架橋下),12,1
573,YouBike2.0_南京林森路口(東南側),10,0,中山區,2023-06-03 09:43:04,南京東路一段86號前,10,1
574,YouBike2.0_仁德公園,18,0,中山區,2023-04-17 00:35:05,吉林路108巷與南京東路二段21巷口東南側,18,0
575,YouBike2.0_中原公園,15,4,中山區,2023-06-03 09:39:13,新生北路二段45巷(中原公園西側),11,1
580,YouBike2.0_松江路431巷口,15,2,中山區,2023-06-03 09:35:15,松江路433號前,13,1
585,YouBike2.0_中山公民會館,20,2,中山區,2023-06-03 09:36:14,中山北路二段128巷口,18,1
586,YouBike2.0_渭水八德路口,23,0,中山區,2023-06-03 09:37:04,渭水路54號對側,23,1
593,YouBike2.0_松江路77巷口,10,1,中山區,2023-06-03 09:42:14,松江路77巷口,9,1
594,YouBike2.0_建國長安路口,20,0,中山區,2023-06-03 09:42:04,建國北路一段與長安東路二段口北側,20,1
595,YouBike2.0_市民新生路口,15,2,中山區,2023-06-03 09:36:14,新生北路一段36號前,13,1
596,YouBike2.0_民權吉林路口,15,3,中山區,2023-06-03 09:17:26,民權東路二段51號前,12,1
597,YouBike2.0_中山農安街口,17,4,中山區,2023-06-03 09:41:14,中山北路三段25號前,13,1
598,YouBike2.0_捷運行政大樓,14,0,中山區,2023-06-03 09:42:04,中山北路二段48巷7號前,14,1
599,YouBike2.0_中吉公園(松江路188巷),22,0,中山區,2023-06-03 09:12:04,松江路188巷11號對側,22,1
600,YouBike2.0_吉林路123巷口,13,1,中山區,2023-06-03 09:45:15,吉林路125號前,12,1
601,YouBike2.0_中原民生路口,15,0,中山區,2023-06-03 09:45:04,民生東路二段33號旁,15,1
604,YouBike2.0_中山北路二段59巷口,12,1,中山區,2023-06-03 09:38:13,中山北路二段59之3號前,11,1
605,YouBike2.0_永盛公園(民生東路一段23巷),24,1,中山區,2023-06-03 09:41:14,民生東路一段23巷/民生東路一段27巷口,23,1
607,YouBike2.0_濱江街199巷口,15,0,中山區,2023-06-03 09:42:04,濱江街199巷(八號疏散門前),15,1
608,YouBike2.0_大佳社區公園,15,2,中山區,2023-06-03 09:25:14,濱江街154巷對側,13,1
610,YouBike2.0_興安合江路口,19,3,中山區,2023-06-03 09:44:13,興安街60號對側,16,1
611,YouBike2.0_復興北路514巷口東側,10,4,中山區,2023-06-03 09:37:13,復興北路514巷66號前側,6,1
614,YouBike2.0_新興公園,20,2,中山區,2023-06-03 09:39:04,錦州街13巷/中山北路二段137巷口(東南側),18,1
615,YouBike2.0_南京伊通街口,11,1,中山區,2023-06-03 09:31:14,南京東路二段178-1號,10,1
616,YouBike2.0_南京龍江路口,15,0,中山區,2023-06-03 08:55:10,南京東路三段121號前,15,1
617,YouBike2.0_撫順街41巷(崇德宮前),19,1,中山區,2023-06-03 09:41:14,撫順街41巷1-7號對側,18,1
620,YouBike2.0_捷運松江南京站(4號出口),32,4,中山區,2023-06-03 09:44:13,松江路95-1至109號前方,28,1
621,YouBike2.0_中429公園,15,1,中山區,2023-06-03 09:25:14,敬業三路177巷南側,14,1
622,YouBike2.0_長春路137巷口,16,0,中山區,2023-06-03 08:32:04,民生東路二段134號前,16,1
623,YouBike2.0_松江民生路口,17,0,中山區,2023-06-03 09:45:04,松江路208號前,17,1
624,YouBike2.0_松江路132巷口,14,2,中山區,2023-06-03 09:44:13,吉林路100號對側,12,1
625,YouBike2.0_長春吉林路口,10,0,中山區,2023-06-03 06:54:04,長春路120號前,10,1
626,YouBike2.0_長春一江街口,11,1,中山區,2023-06-03 09:42:14,長春路135號前,10,1
627,YouBike2.0_捷運松江南京站(8號出口),20,0,中山區,2023-06-03 09:35:04,南京東路二段101號前,20,1
628,YouBike2.0_南京一江街口,10,0,中山區,2023-06-03 09:45:04,南京東路二段85號前,10,1
629,YouBike2.0_松江長春路口,16,1,中山區,2023-06-03 09:41:04,松江路158號前,15,1
630,YouBike2.0_經國七海文化園區,15,3,中山區,2023-06-03 08:48:14,北安路301號前,12,1
631,YouBike2.0_民族玉門街口,20,3,中山區,2023-06-03 09:39:13,民族西路口與玉門街口東北側,17,1
632,YouBike2.0_新生農安街口,15,0,中山區,2023-06-03 09:39:04,新生北路三段與農安街口(高架橋下),15,1
634,YouBike2.0_捷運大直站(3號出口)_1,18,1,中山區,2023-06-03 09:40:21,北安路458巷41弄52之1號前,17,1
635,YouBike2.0_樂群二明水路口_1,20,2,中山區,2023-06-03 09:43:14,樂群二路 / 明水路口(東側),18,1
636,YouBike2.0_民權吉林路口(南側),16,3,中山區,2023-06-03 09:34:15,民權東路二段46號前,13,1
637,YouBike2.0_長春龍江路口,24,0,中山區,2023-06-03 08:28:04,長春路與龍江路口西北側,24,1
639,YouBike2.0_建國長春路口(北側),20,2,中山區,2023-06-03 09:44:13,建國北路/長春路口(北側),18,1
641,YouBike2.0_臺北市立美術館_1,18,4,中山區,2023-06-03 09:17:26,中山北路三段(花博流行館前),14,1
642,YouBike2.0_劍潭社區_1,18,0,中山區,2023-06-03 09:39:04,通北街143號前,18,1
643,YouBike2.0_濱江國小游泳池,16,1,中山區,2023-06-03 09:29:14,樂群二路266巷99號前,15,1
646,YouBike2.0_復華公園,20,0,中山區,2023-06-03 09:29:04,南京東路三段109巷/龍江路120巷,20,1
647,YouBike2.0_新生民族路口(西南側),15,0,中山區,2023-06-03 08:39:04,新生北路三段/民族東路(西南側),15,1
648,YouBike2.0_捷運南京復興站(1號出口),21,2,中山區,2023-06-03 09:43:14,捷運南京復興站(1號出口)後方(遼寧街155巷),19,1
649,YouBike2.0_八德市場(北側),16,3,中山區,2023-06-03 09:21:21,建國南路一段/市民大道交叉口(北側),12,1
650,YouBike2.0_龍江朱崙街口,14,3,中山區,2023-06-03 09:41:14,龍江路/朱崙街口西北側,11,1
656,YouBike2.0_新生北路一段62巷口,20,1,中山區,2023-06-03 08:12:14,新生北路一段64號對側,19,1
657,YouBike2.0_新生長春路口(東北側),19,2,中山區,2023-06-03 09:37:13,新生北路二段39-2號對側,17,1
658,YouBike2.0_捷運劍南路站(1號出口),17,1,中山區,2023-06-03 09:42:14,北安路811巷/821巷4弄口,16,1
660,YouBike2.0_長春路258巷2弄口,15,0,中山區,2023-06-03 08:56:04,長春路258巷6號北側,15,1
661,YouBike2.0_長寧大廈社區(南側),15,1,中山區,2023-06-03 09:25:04,遼寧街201巷13號前,14,1
663,YouBike2.0_中山北路二段62巷口,12,3,中山區,2023-06-03 09:45:15,中山北路二段66號前,9,1
664,YouBike2.0_市民安東街口,20,0,中山區,2023-06-03 09:17:16,市民大道三段179號前,20,1
665,YouBike2.0_市民大道二段5巷口,15,2,中山區,2023-06-03 09:39:13,市民大道二段/市民大道二段5巷,13,1
667,YouBike2.0_北勢湖環保公園,15,4,內湖區,2023-06-03 09:21:21,內湖路一段66-72號前方公園,11,1
668,YouBike2.0_洲子一號公園,43,2,內湖區,2023-06-03 09:41:14,基湖路37號西側,41,1
673,YouBike2.0_麗山國小,15,3,內湖區,2023-06-03 09:42:14,內湖路一段411巷56號東側,12,1
675,YouBike2.0_港華五號公園,16,1,內湖區,2023-06-03 09:40:11,環山路二段81號西北側,15,1
676,YouBike2.0_大湖國小,25,1,內湖區,2023-06-03 09:45:15,大湖山莊街/大湖山莊街176巷(東南側),24,1
678,YouBike2.0_東湖路113巷95弄,10,2,內湖區,2023-06-03 09:33:15,東湖路113巷95弄13號西側,8,1
679,YouBike2.0_瑞光計程車服務站,20,4,內湖區,2023-06-03 09:36:14,港墘路221巷2號,16,1
680,YouBike2.0_文德三號公園(江南街71巷16弄),15,1,內湖區,2023-06-03 09:42:14,瑞光路271號東南側,14,1
682,YouBike2.0_康寧星雲街口,12,1,內湖區,2023-06-03 09:30:40,康寧路一段116號,11,1
684,YouBike2.0_捷運西湖站(1號出口),35,3,內湖區,2023-06-03 09:45:15,內湖路一段285巷15號(對面),32,1
685,YouBike2.0_捷運西湖站(2號出口),12,1,內湖區,2023-06-03 09:32:04,內湖路一段291號(對面),11,1
686,YouBike2.0_洲子二號公園,60,0,內湖區,2023-06-03 09:39:04,瑞光路500號(對面),60,1
687,YouBike2.0_港都公園,15,4,內湖區,2023-06-03 09:40:21,港華街57號(對面),11,1
688,YouBike2.0_環山路二段26巷口,29,0,內湖區,2023-06-03 09:45:04,環山路二段/環山路二段26巷(西南側),29,1
689,YouBike2.0_成功金龍路口,23,3,內湖區,2023-06-03 09:42:14,成功路四段188號,20,1
693,YouBike2.0_陽光公園,16,0,內湖區,2023-06-03 09:32:04,陽光街與文德路220巷口西側,16,1
695,YouBike2.0_文德二號公園(北側),15,2,內湖區,2023-06-03 09:39:13,文德路210巷12號對側,13,1
696,YouBike2.0_瑞陽公園,12,2,內湖區,2023-06-03 09:35:15,文德路22巷6號(對面),10,1
698,YouBike2.0_潭美街213號,12,1,內湖區,2023-06-03 09:17:16,潭美街213號南側,11,1
700,YouBike2.0_潭美國小(南京舊宗路口),16,3,內湖區,2023-06-03 09:14:14,行善路179號南側,13,1
701,YouBike2.0_新明路343號,10,4,內湖區,2023-06-03 09:11:14,新明路341號北側,6,1
703,YouBike2.0_內湖行政中心,25,3,內湖區,2023-06-03 09:33:15,民權東路六段99號(前),22,1
705,YouBike2.0_安康路32巷24弄,21,2,內湖區,2023-06-03 07:54:15,安康路32巷24弄22號,19,1
706,YouBike2.0_明美公園,18,4,內湖區,2023-06-03 09:00:57,石潭路27號南側,14,1
707,YouBike2.0_南京東路六段368巷,33,3,內湖區,2023-06-03 09:33:15,南京東路六段382號西南側,30,1
708,YouBike2.0_新明成功路口,18,2,內湖區,2023-06-03 08:38:14,新明路22號,16,1
710,YouBike2.0_瑞光公共住宅(瑞光路),18,1,內湖區,2023-06-03 09:18:13,瑞光路160號,17,1
711,YouBike2.0_民權東路六段15巷,17,4,內湖區,2023-06-03 08:21:36,民權東路六段15巷29號,13,1
713,YouBike2.0_新湖三民善街口,15,3,內湖區,2023-06-03 09:30:40,新湖三路36號,12,1
714,YouBike2.0_內湖119號綠地,24,1,內湖區,2023-06-03 09:25:14,南京東路六段125號南側,23,1
716,YouBike2.0_三軍總醫院,14,2,內湖區,2023-06-03 09:28:13,成功路二段424號(對面),12,1
717,YouBike2.0_福華商場,20,2,內湖區,2023-06-03 09:36:14,民權東路六段/民權東路六段180巷(西南側),18,1
718,YouBike2.0_臺北市網球中心,16,2,內湖區,2023-06-03 08:53:14,民權東路六段208號(前),14,1
721,YouBike2.0_金湖路347巷125弄口,15,2,內湖區,2023-06-03 09:36:14,金湖路347巷125弄1號(對面),13,1
722,YouBike2.0_碧湖公園,15,4,內湖區,2023-06-03 09:23:14,內湖路二段/內湖路二段103巷口(東北側),11,1
726,YouBike2.0_捷運內湖站(2號出口),10,4,內湖區,2023-06-03 09:29:14,成功路四段167巷6弄2號(旁),6,1
731,YouBike2.0_內溝溪生態展示館,8,2,內湖區,2023-06-03 08:40:21,康樂街236-3號(前),6,1
733,YouBike2.0_東湖國中,16,0,內湖區,2023-06-03 09:13:04,康樂街125巷4號(對面),16,1
734,YouBike2.0_石潭公園(安康路),20,4,內湖區,2023-06-03 09:26:14,安康路28號西北側,16,1
737,YouBike2.0_康寧路三段54巷口,15,1,內湖區,2023-06-03 09:21:21,康寧路三段54-5號西側,14,1
738,YouBike2.0_行善路25巷口,21,0,內湖區,2023-06-03 09:10:09,行善路39號(前),21,1
740,YouBike2.0_下灣公園,16,3,內湖區,2023-06-03 09:34:15,民權東路六段206巷/民權東路六段190巷75弄(西北側),13,1
741,YouBike2.0_民權東路六段245巷口,12,4,內湖區,2023-06-02 22:58:14,民權東路六段247號(前),8,1
751,YouBike2.0_堤頂大道新湖一路口,13,4,內湖區,2023-06-03 09:06:14,堤頂大道一段215號前,9,1
755,YouBike2.0_成功路四段41巷口,12,4,內湖區,2023-06-03 09:45:15,成功路四段41巷6號前側,8,1
756,YouBike2.0_金湖星雲街口,30,1,內湖區,2023-06-03 08:47:14,金湖路83號對側,29,1
758,YouBike2.0_民權東路六段190巷117弄口,15,1,內湖區,2023-06-02 21:37:14,民權東路六段190巷117弄15號對側,14,1
762,YouBike2.0_行善行愛路口,12,3,內湖區,2023-06-03 09:31:14,行善路243號(前),9,1
763,YouBike2.0_民善新湖二路口(家樂福內湖店),23,4,內湖區,2023-06-03 09:37:13,民善街88號(旁),19,1
768,YouBike2.0_三民國中(民權東路六段47巷),13,3,內湖區,2023-06-03 09:42:14,民權東路六段47巷6號對側,10,1
769,YouBike2.0_瑞光路76巷口,12,3,內湖區,2023-06-03 09:43:14,瑞光路102號前,9,1
771,YouBike2.0_新湖國小,12,1,內湖區,2023-06-03 08:52:04,民權東路六段/成功路二段320巷31弄(東南側),11,1
773,YouBike2.0_民權東路六段413巷,16,2,內湖區,2023-06-03 09:43:14,民權東路六段409號前,14,1
774,YouBike2.0_宏匯瑞光廣場(瑞光路),16,1,內湖區,2023-06-03 09:37:13,瑞光路353號前(瑞光路側人行道),15,1
776,YouBike2.0_康樂街151巷,14,4,內湖區,2023-06-03 09:32:13,康樂街151巷/康樂街,10,1
777,YouBike2.0_內湖路一段360巷,15,1,內湖區,2023-06-03 09:17:26,內湖路一段358號,13,1
778,YouBike2.0_成功路三段83號前,11,0,內湖區,2023-06-03 09:33:04,成功路三段83號前,11,1
780,YouBike2.0_陽光舊宗路口,20,1,內湖區,2023-06-03 09:13:14,陽光街/舊宗路二段,19,1
781,YouBike2.0_安湖公園,8,0,內湖區,2023-06-03 05:56:03,東湖路113巷95弄/康寧路三段75巷,8,1
783,YouBike2.0_安泰街(康樂橋下),15,0,內湖區,2023-06-03 08:04:04,安泰街(康樂橋下),15,1
786,YouBike2.0_明美公園(行善路333巷),16,0,內湖區,2023-06-03 09:32:04,行善路333巷92號前,16,1
787,YouBike2.0_行善路383巷,17,3,內湖區,2023-06-03 08:43:14,行善路383巷27號對側,14,1
789,YouBike2.0_內湖運動公園,17,3,內湖區,2023-06-03 09:41:14,舊宗路二段/民權東路六段11巷,14,1
790,YouBike2.0_內湖路三段326巷口,15,2,內湖區,2023-06-03 09:27:13,內湖路三段326巷/內湖路三段,13,1
791,YouBike2.0_成功公園,11,4,內湖區,2023-06-03 09:00:57,成功路四段223巷/成功路四段223巷6弄,7,1
792,YouBike2.0_康寧路三段189巷93弄口,14,1,內湖區,2023-06-03 08:23:04,康寧路三段189巷/康寧路三段189巷93弄,13,1
793,YouBike2.0_中國醫藥大學附設醫院臺北分院,13,1,內湖區,2023-06-03 09:43:04,內湖路二段368號對側,12,1
795,YouBike2.0_環山路三段16巷口,13,1,內湖區,2023-06-03 09:00:57,環山路三段/環山路三段16巷口(東南側),12,1
798,YouBike2.0_行善社會住宅,23,2,內湖區,2023-06-03 09:14:14,行愛路與新湖一路口西南側,21,1
799,YouBike2.0_康寧路三段99巷17弄口,15,1,內湖區,2023-06-03 09:22:14,康寧路三段99巷19號對側,14,1
800,YouBike2.0_堤頂大道二段407巷口,15,0,內湖區,2023-06-03 07:19:04,堤頂大道二段405號前,15,1
801,YouBike2.0_海德堡科技大樓,12,1,內湖區,2023-06-03 09:42:04,堤頂大道二段473號前,11,1
802,YouBike2.0_致伸科技大樓,17,0,內湖區,2023-06-02 18:10:36,瑞光路669號旁,17,1
803,YouBike2.0_內湖路一段288巷口,20,0,內湖區,2023-06-03 08:24:04,內湖路一段290號前,20,1
804,YouBike2.0_大都會客運內湖站,15,3,內湖區,2023-06-03 09:44:13,民權東路六段11巷25號對側,12,1
805,YouBike2.0_瑞湖公園,15,1,內湖區,2023-06-03 05:33:04,民權東路六段15巷/民權東路六段19巷,14,1
806,YouBike2.0_台灣世曦大樓,16,0,內湖區,2023-06-03 09:23:04,陽光街323號,16,1
807,YouBike2.0_遠雄時代總部,14,4,內湖區,2023-06-03 08:56:14,瑞光路423號,10,1
808,YouBike2.0_瑞光路358巷口,14,0,內湖區,2023-06-02 19:03:04,瑞光路/瑞光路358巷,14,1
810,YouBike2.0_世紀經貿,16,0,內湖區,2023-06-03 07:57:04,內湖路一段396號,15,1
812,YouBike2.0_新湖三行忠路72巷口,15,3,內湖區,2023-06-03 09:15:14,新湖三路/行忠路72巷,12,1
813,YouBike2.0_新湖三新湖二146巷口,15,1,內湖區,2023-06-03 05:21:04,新湖三路122、124號對側,14,1
815,YouBike2.0_新光基湖大樓,19,3,內湖區,2023-06-03 09:21:21,基湖路12號,16,1
816,YouBike2.0_內湖路一段120巷15弄,19,2,內湖區,2023-06-03 06:55:20,內湖路一段120巷15弄8號對側,17,1
817,YouBike2.0_北勢湖環保公園(堤頂大道側),14,1,內湖區,2023-06-03 07:50:10,堤頂大道二段501號前,13,1
818,YouBike2.0_達爾文大樓,15,0,內湖區,2023-06-03 08:27:04,洲子街61號,15,1
819,YouBike2.0_承德路七段304巷口,20,2,北投區,2023-06-03 09:24:14,承德路七段306-308號(前),18,1
822,YouBike2.0_捷運明德站(1號出口),23,2,北投區,2023-06-03 09:33:15,西安街一段明德路口(東南側),21,1
827,YouBike2.0_關渡醫院,14,2,北投區,2023-06-03 09:43:14,知行路235巷7號(對面),12,1
830,YouBike2.0_捷運關渡站(2號出口),14,0,北投區,2023-06-03 08:27:04,捷運關渡站2號出口外人行道,14,1
832,YouBike2.0_大度立德路口,18,4,北投區,2023-06-03 09:06:14,大度路三段立德路口(西北側),14,1
833,YouBike2.0_捷運復興崗站(1號出口),45,1,北投區,2023-06-03 09:45:15,中央北路三段9-1號(對面),44,1
838,YouBike2.0_秀山區民活動中心,20,0,北投區,2023-06-03 09:00:47,秀山路50號(旁),20,1
843,YouBike2.0_八仙里辦公處,16,0,北投區,2023-06-03 08:06:03,北投路一段臨20號(旁),13,1
847,YouBike2.0_北投奇岩長青樂活大樓,15,2,北投區,2023-06-03 09:38:13,三合街一段119號(前),12,1
848,YouBike2.0_捷運唭哩岸站(2號出口),54,0,北投區,2023-06-03 09:45:15,西安街二段345-349號(對面),53,1
853,YouBike2.0_捷運石牌站(1號出口),20,4,北投區,2023-06-03 09:13:14,石牌路一段139號(對面),16,1
855,YouBike2.0_石牌國小,26,1,北投區,2023-06-03 09:44:03,石牌路一段142號(對面),25,1
856,YouBike2.0_振興公園,13,3,北投區,2023-06-03 09:45:15,天母西路109號(對面),9,1
858,YouBike2.0_承德路七段280巷口,17,4,北投區,2023-06-03 09:38:13,承德路七段260號(前),8,1
859,YouBike2.0_致遠一路二段11巷,22,3,北投區,2023-06-03 09:37:13,自強街61巷8號(旁),19,1
862,YouBike2.0_立功立德路口,32,3,北投區,2023-06-03 09:34:15,立德路15號(前),28,1
868,YouBike2.0_承德路七段188巷口,16,1,北投區,2023-06-03 09:41:04,承德路七段192-198號前,13,1
876,YouBike2.0_裕民二路33巷,15,3,北投區,2023-06-03 09:45:15,裕民二路33巷/裕民六路(西北側),12,1
878,YouBike2.0_泉源公園,15,0,北投區,2023-06-02 20:03:04,珠海路145號(對側公園),15,1
879,YouBike2.0_奇岩4號綠地,12,2,北投區,2023-06-03 09:45:15,三合街一段79巷16號(對面),10,1
889,YouBike2.0_中和街493巷9弄口,16,3,北投區,2023-06-03 09:42:14,中和街493巷9弄2號對側,13,1
892,YouBike2.0_捷運唭哩岸站(1號出口),20,0,北投區,2023-06-03 09:16:04,捷運唭哩岸站一(東華) 公車亭對側人行道,20,1
894,YouBike2.0_捷運忠義站(2號出口),20,0,北投區,2023-06-03 09:21:04,捷運忠義站(2號出口)無障礙坡道旁,20,1
897,YouBike2.0_華固創富中心,15,4,北投區,2023-06-03 09:35:16,承德路六段120號(北側地下室車道旁),11,1
900,YouBike2.0_捷運松山站(4號出口),19,3,松山區,2023-06-03 09:43:14,八德路四段742號,13,1
901,YouBike2.0_塔悠八德路口,34,1,松山區,2023-06-03 09:17:26,塔悠路2號(旁),33,1
904,YouBike2.0_捷運南京三民站(2號出口),19,4,松山區,2023-06-03 09:39:13,南京東路五段156號(前),15,1
908,YouBike2.0_西松高中,14,3,松山區,2023-06-03 09:22:14,健康路325巷5弄5號(前),11,1
909,YouBike2.0_民權復興路口,27,1,松山區,2023-06-03 09:07:13,民權東路三段119號(前),26,1
914,YouBike2.0_三民路166巷口,12,3,松山區,2023-06-03 09:44:13,三民路166巷1號(對面),9,1
919,YouBike2.0_敦北公園,48,1,松山區,2023-06-03 09:32:04,敦化北路/富錦街77巷口(東南側),47,1
920,YouBike2.0_民權運動公園,21,1,松山區,2023-06-03 09:41:14,民權東路四段/新中街口(西南側),20,1
924,YouBike2.0_八德路三段74巷口,17,4,松山區,2023-06-03 09:44:13,八德路三段74巷95號南側,13,1
925,YouBike2.0_八德路三段8巷口,15,4,松山區,2023-06-03 09:38:13,市民大道四段123號,11,1
927,YouBike2.0_平安新城,16,1,松山區,2023-06-03 09:44:13,延壽街356巷/延壽街330巷16弄(東北側),15,1
929,YouBike2.0_民權光復路口(東北側),24,3,松山區,2023-06-03 09:40:21,民權東路四段/光復北路(東北側),21,1
931,YouBike2.0_光復南路22巷口,29,2,松山區,2023-06-03 09:40:21,光復南路19號西側,27,1
932,YouBike2.0_光復南路58巷,12,4,松山區,2023-06-03 09:41:14,光復南路58巷11號東側,8,1
933,YouBike2.0_松山新城,14,1,松山區,2023-06-03 09:26:14,健康路78號(對面),13,1
935,YouBike2.0_南京光復路口,31,1,松山區,2023-06-03 09:44:04,南京東路四段186號前,30,1
936,YouBike2.0_民生立體停車場,20,2,松山區,2023-06-03 09:44:13,民生東路五段84號前,18,1
938,YouBike2.0_健安新城,30,3,松山區,2023-06-03 09:45:15,三民路43巷1號前,27,1
939,YouBike2.0_復盛公園,20,0,松山區,2023-06-03 09:21:04,八德路四段106巷/八德路四段106巷6弄口(東側),20,1
940,YouBike2.0_中崙福成宮,27,2,松山區,2023-06-03 09:42:14,市民大道四段73號前,25,1
944,YouBike2.0_臺北田徑場,42,2,松山區,2023-06-03 09:44:13,敦化北路/八德路三段(東北側),40,1
945,YouBike2.0_捷運小巨蛋站(5號出口),22,4,松山區,2023-06-03 09:45:15,南京東路四段75-1號前,18,1
946,YouBike2.0_敦化長春路口,34,1,松山區,2023-06-03 09:45:15,敦化北路112號前,33,1
949,YouBike2.0_民權東路三段106巷口,22,4,松山區,2023-06-03 09:43:14,民權東路三段102號前,18,1
950,YouBike2.0_南京東路五段59巷口,11,4,松山區,2023-06-03 09:38:13,南京東路五段57號(前),7,1
952,YouBike2.0_寶清公園,13,3,松山區,2023-06-03 09:38:13,寶清街/寶清街30巷(北側),10,1
954,YouBike2.0_長壽公園,15,3,松山區,2023-06-03 09:45:15,健康路174號(旁),12,1
957,YouBike2.0_臺北田徑場(北寧路側),24,3,松山區,2023-06-03 09:44:13,八德路三段25號前,21,1
961,YouBike2.0_介壽國中,12,4,松山區,2023-06-03 09:43:14,民生東路五段36巷/光復北路165巷,8,1
962,YouBike2.0_敦化南京路口(東北側),14,0,松山區,2023-06-03 09:23:04,敦化北路/南京東路四段,14,1
963,YouBike2.0_敦化八德路口,20,0,松山區,2023-06-03 09:32:04,敦化南路一段/八德路二段(西南側),20,1
964,YouBike2.0_新東街51巷口,23,1,松山區,2023-06-03 09:37:13,三民路 / 新東街51巷口(東側),22,1
966,YouBike2.0_長春慶城街口,16,2,松山區,2023-06-03 09:04:14,長春路431號前,14,1
968,YouBike2.0_捷運松山站(1號出口),15,4,松山區,2023-06-03 09:42:14,八德路四段711號前,11,1
969,YouBike2.0_捷運小巨蛋站(3號出口),15,1,松山區,2023-06-03 09:44:13,南京東路四段12號前,14,1
970,YouBike2.0_捷運小巨蛋站(5號出口)_1,20,1,松山區,2023-06-03 09:44:13,南京東路四段/健康路(西北側),19,1
971,YouBike2.0_敦化北路155巷口,30,4,松山區,2023-06-03 09:39:14,敦化北路151號前分隔島,26,1
972,YouBike2.0_民生復興路口,17,2,松山區,2023-06-03 09:45:15,民生東路三段/復興北路(東南側),15,1
973,YouBike2.0_市民延吉街口,30,1,松山區,2023-06-03 09:40:21,市民大道/延吉街(市民大道橋下空地),29,1
976,YouBike2.0_塔悠基隆路口(麥帥一橋下),20,3,松山區,2023-06-03 09:45:15,南京東路五段386號前,17,1
977,YouBike2.0_五常街370巷,11,1,松山區,2023-06-03 08:43:04,五常街370巷8號,10,1
983,YouBike2.0_合樂公園,15,4,南港區,2023-06-03 09:41:14,玉成街46號東側,11,1
987,YouBike2.0_研究院舊莊街口,30,2,南港區,2023-06-03 09:41:14,舊莊街一段1號西側,28,1
988,YouBike2.0_中研院綜合體育館東側,30,3,南港區,2023-06-03 08:40:21,研究院路二段128號(體育館),27,1
995,YouBike2.0_市民大道八段532號,15,2,南港區,2023-06-03 08:26:14,市民大道八段532號北側,13,1
997,YouBike2.0_南港國小,30,3,南港區,2023-06-03 05:14:13,惠民街67號東南側,27,1
999,YouBike2.0_臺北市立圖書館南港分館,40,3,南港區,2023-06-03 09:06:14,南港路一段350號,37,1
1001,YouBike2.0_向陽南港路口,21,2,南港區,2023-06-03 09:36:14,向陽路49號北側,19,1
1002,YouBike2.0_南港車站(忠孝東路七段415巷),11,4,南港區,2023-06-03 09:22:14,忠孝東路七段510號西北側,7,1
1013,YouBike2.0_忠孝東路七段527巷口,15,0,南港區,2023-06-03 09:23:04,忠孝東路七段552號,15,1
1014,YouBike2.0_南港軟體園區(新民街),19,4,南港區,2023-06-03 09:21:22,新民街15號北側,15,1
1017,YouBike2.0_新新公園(昆陽街60巷),20,3,南港區,2023-06-03 09:17:26,南港路三段47巷8號南側,17,1
1021,YouBike2.0_南港東新街口,28,4,南港區,2023-06-03 07:38:14,東新街4號東側,24,1
1023,YouBike2.0_捷運後山埤站(3號出口),12,0,南港區,2023-05-15 07:23:15,玉成街150號,12,0
1026,YouBike2.0_南湖大橋(經貿二路255巷),20,4,南港區,2023-06-03 09:14:14,經貿二路255巷1號,16,1
1029,YouBike2.0_胡適公園,20,0,南港區,2023-06-03 07:58:04,研究院路二段/研究院路二段132巷北側,20,1
1030,YouBike2.0_南港抽水站,13,3,南港區,2023-06-03 09:43:14,重陽路505號,10,1
1031,YouBike2.0_經貿公園,20,4,南港區,2023-06-03 09:36:14,經園街58號北側,16,1
1032,YouBike2.0_育成高中,20,0,南港區,2023-06-03 09:16:04,惠民街71號西側,20,1
1034,YouBike2.0_力行橋(南港),18,3,南港區,2023-06-03 09:39:14,研究院路一段101巷16弄2號南側,15,1
1035,YouBike2.0_舊莊國小(舊莊街一段),15,4,南港區,2023-06-03 09:10:20,舊莊街一段/舊莊街一段145巷口,11,1
1038,YouBike2.0_捷運南港展覽館站(6號出口),25,1,南港區,2023-06-03 07:29:14,南港路一段28號旁,24,1
1039,YouBike2.0_捷運南港展覽館站(4號出口),22,2,南港區,2023-06-03 09:04:14,南港路一段32號(4號出口),20,1
1048,YouBike2.0_玉東公園(東新街),14,3,南港區,2023-06-03 09:16:04,東新街/市民大道七段(北側),11,1
1054,YouBike2.0_舊莊派出所,15,3,南港區,2023-06-03 09:18:14,舊莊街一段/舊莊街一段215巷,12,1
1066,YouBike2.0_基隆路二段159巷口,14,2,信義區,2023-06-03 09:43:14,基隆路二段155號,12,1
1068,YouBike2.0_和平東路三段631巷口,15,4,信義區,2023-06-03 09:40:21,和平東路三段633號前,11,1
1069,YouBike2.0_和平東路三段530巷口,15,2,信義區,2023-06-03 09:05:14,和平東路三段530巷口東北側,13,1
1080,YouBike2.0_中全公園,17,3,信義區,2023-06-03 09:41:14,虎林街164巷54號北側,14,1
1086,YouBike2.0_三張犁,40,0,信義區,2023-06-03 09:45:15,光復南路455號前方,40,1
1087,YouBike2.0_仁愛路四段496巷口,34,1,信義區,2023-06-03 09:34:15,仁愛路四段與仁愛路四段496巷口西南側,32,1
1114,YouBike2.0_三興國小,22,3,信義區,2023-06-03 09:45:15,基隆路二段99-1號(前),18,1
1116,YouBike2.0_松山高中,38,3,信義區,2023-06-03 09:41:14,忠孝東路四段599巷36號對側,35,1
1117,YouBike2.0_基隆光復路口,17,1,信義區,2023-06-03 09:37:14,基隆路二段/光復南路(東北側),16,1
1123,YouBike2.0_永吉路321巷口,15,3,信義區,2023-06-03 09:42:14,永吉路323號西側,10,1
1125,YouBike2.0_松山路292巷口,17,2,信義區,2023-06-03 09:36:14,松山路279號,14,1
1128,YouBike2.0_世貿三館,30,3,信義區,2023-06-03 09:38:13,市府路/松壽路口東南側,27,1
1135,YouBike2.0_仁愛逸仙路口,28,3,信義區,2023-06-03 09:41:14,仁愛路四段/逸仙路口(西北側),24,1
1144,YouBike2.0_景聯廣場,13,0,信義區,2023-06-03 09:37:04,松勤街8號對側,13,1
1147,YouBike2.0_五分埔公園,18,2,信義區,2023-06-03 09:35:16,中坡北路57號旁,16,1
1148,YouBike2.0_松仁路305號,14,3,信義區,2023-06-03 09:41:14,松仁路/吳興街583巷3弄,11,1
1149,YouBike2.0_吳興街394巷口,12,3,信義區,2023-06-03 09:28:14,吳興街394巷/吳興街,7,1
1151,YouBike2.0_松勤莊敬路口,15,3,信義區,2023-06-03 09:39:14,松勤街/莊敬路,12,1
1152,YouBike2.0_松仁松平路口,10,3,信義區,2023-06-03 09:38:13,松仁路/松平路,7,1
1155,YouBike2.0_吳興街284巷(廣安宮),15,1,信義區,2023-06-03 09:38:13,吳興街284巷23號對側,14,1
1158,YouBike2.0_和平東路三段291號,15,4,信義區,2023-06-03 09:34:15,和平東路三段291號前,11,1
1161,YouBike2.0_萬大路486巷口,10,1,萬華區,2023-06-03 09:38:04,萬大路482號(旁),9,1
1165,YouBike2.0_青年公園高爾夫球場,16,4,萬華區,2023-06-03 09:43:14,國興路42號對側,12,1
1167,YouBike2.0_青年公園棒球場,28,2,萬華區,2023-06-03 09:44:14,青年路66號對側,26,1
1168,YouBike2.0_青年公園籃球場,16,3,萬華區,2023-06-03 09:45:15,青年公園籃球場南側,9,1
1173,YouBike2.0_艋舺大道146巷口,14,0,萬華區,2023-06-03 08:09:04,艋舺大道142號前,14,1
1175,YouBike2.0_華中疏散門,12,3,萬華區,2023-06-03 09:26:14,環河南路三段371號前,9,1
1188,YouBike2.0_萬華青年公宅,23,1,萬華區,2023-06-03 09:36:15,青年路188號前,19,1
1189,YouBike2.0_開封西寧路口,41,0,萬華區,2023-06-03 09:44:14,西寧南路12號(對面),41,1
1191,YouBike2.0_長沙公園,24,0,萬華區,2023-06-03 09:38:04,環河南路一段280-1號(對面),24,1
1192,YouBike2.0_貓公園(中興橋頭),15,1,萬華區,2023-06-03 09:40:21,成都路108號(對面),14,1
1194,YouBike2.0_中華桂林路口,28,2,萬華區,2023-06-03 09:40:21,中華路一段與桂林路口西北側,26,1
1200,YouBike2.0_萬華火車站(D2廣場),17,1,萬華區,2023-06-03 09:43:04,康定路/康定路287巷(東南側),16,1
1202,YouBike2.0_臺北市電影主題公園(峨嵋街),15,3,萬華區,2023-06-03 09:45:15,峨嵋街100號(對面),12,1
1204,YouBike2.0_中華峨嵋街口,24,4,萬華區,2023-06-03 09:41:14,中華路一段130號(前),20,1
1205,YouBike2.0_萬華266號綠地,15,1,萬華區,2023-06-03 09:44:14,康定路81號(對面),14,1
1208,YouBike2.0_環河南和平西路口,20,0,萬華區,2023-06-03 08:25:04,環河南路一段/和平西路三段口(西南側),20,1
1209,YouBike2.0_長順街60巷口,15,3,萬華區,2023-06-03 09:28:14,長順街60巷38號對側,12,1
1217,YouBike2.0_龍山國中,15,4,萬華區,2023-06-03 09:35:16,南寧路與廣州街口南側,11,1
1220,YouBike2.0_萬華國中_1,26,4,萬華區,2023-06-03 09:40:21,西藏路 / 莒光路299巷口(東南側),22,1
1229,YouBike2.0_臺大卓越研究大樓,32,0,臺大專區,2023-06-03 09:39:04,臺大水源舍區C南側,32,1
1230,YouBike2.0_臺大水源修齊會館,18,2,臺大專區,2023-06-03 09:44:14,思源街16號之1旁,15,1
1231,YouBike2.0_臺大檔案展示館,10,2,臺大專區,2023-06-03 09:00:58,臺大檔案展示館東北側,8,1
1233,YouBike2.0_臺大男八舍東側,42,1,臺大專區,2023-06-03 09:36:15,臺大男八舍東側,41,1
1236,YouBike2.0_臺大管理學院二館北側,40,0,臺大專區,2023-06-03 09:36:04,管理學院二號館北側,40,1
1238,YouBike2.0_臺大大一女舍北側,53,0,臺大專區,2023-06-03 09:41:04,臺大女一舍北側,53,1
1239,YouBike2.0_臺大女九舍西南側,62,4,臺大專區,2023-06-03 09:19:14,臺大女九舍西南側,58,1
1241,YouBike2.0_臺大立體機車停車場,27,4,臺大專區,2023-06-03 09:30:40,基隆路三段/基隆路三段156巷口北側,23,1
1242,YouBike2.0_臺大工綜館南側,26,2,臺大專區,2023-06-03 09:38:13,臺大工學院東南側,24,1
1243,YouBike2.0_臺大天文數學館南側,19,3,臺大專區,2023-06-03 09:45:15,臺大天文數學館西南側,16,1
1246,YouBike2.0_臺大農化新館西側,10,0,臺大專區,2023-06-03 08:35:04,臺大生化科技學系西側,10,1
1247,YouBike2.0_臺大五號館西側,20,0,臺大專區,2023-06-03 09:45:04,臺大生物系館西側,20,1
1249,YouBike2.0_臺大共同教室北側,20,3,臺大專區,2023-06-03 09:36:15,臺大共同教學館東北側,17,1
1250,YouBike2.0_臺大共同教室東南側,12,0,臺大專區,2023-06-02 21:02:04,臺大共同教學館東南側,12,1
1251,YouBike2.0_臺大鹿鳴堂東側,27,2,臺大專區,2023-06-03 09:44:14,臺大鹿鳴廣場人行道側,25,1
1252,YouBike2.0_臺大公館停車場西北側,12,0,臺大專區,2023-06-02 21:46:03,臺大公館停車場西北側,12,1
1253,YouBike2.0_臺大第二行政大樓南側,27,0,臺大專區,2023-06-03 08:29:04,臺大行政大樓西側,27,1
1254,YouBike2.0_臺大明達館機車停車場,28,0,臺大專區,2023-06-03 00:12:04,臺大明達館西側,28,1
1255,YouBike2.0_臺大二號館,10,1,臺大專區,2023-06-03 09:42:14,臺大物理文物廳北側,9,1
1259,YouBike2.0_臺大思亮館東南側,10,0,臺大專區,2023-06-02 22:07:04,臺大思亮館東南側,10,1
1260,YouBike2.0_臺大椰林小舖,48,0,臺大專區,2023-06-03 09:29:04,臺大椰林小舖旁,48,1
1262,YouBike2.0_臺大原分所北側,12,0,臺大專區,2023-06-03 09:42:04,臺大原子與分子科學研究所東北側,12,1
1263,YouBike2.0_臺大生命科學館西北側,30,3,臺大專區,2023-06-03 09:44:14,臺大動物博物館西側,27,1
1266,YouBike2.0_臺大博雅館西側,56,2,臺大專區,2023-06-03 08:31:15,臺大博雅館西側,54,1
1269,YouBike2.0_臺大小小福西南側,10,0,臺大專區,2023-06-03 06:02:04,臺大進修教育大樓,10,1
1271,YouBike2.0_臺大四號館東北側,10,0,臺大專區,2023-06-02 18:55:12,臺大園藝暨景觀學系北側,10,1
1274,YouBike2.0_臺大電機二館東南側,14,3,臺大專區,2023-06-03 09:40:21,臺大電機二館南側,11,1
1275,YouBike2.0_臺大圖資系館北側,25,1,臺大專區,2023-06-03 09:15:04,臺大圖書資訊館北側,24,1
1278,YouBike2.0_臺大獸醫館南側,24,0,臺大專區,2023-06-03 09:44:04,臺大獸醫系館南側,24,1
1280,YouBike2.0_臺大明達館北側(員工宿舍),18,2,臺大公館校區,2023-06-03 09:39:14,明達館北側前空地,16,1
